Data,Pearson Train,Spearman Train,Pearson Test,Spearman Test
appceleratorstudio,0.9809780039382617,0.9617171025002201,0.27941489348625936,0.2928272813296472
