Data,Pearson Train,Spearman Train,Pearson Test,Spearman Test
appceleratorstudio,0.9744802093453521,0.9620386148546933,0.2995668810282326,0.3180394301031661
