Data,Pearson Train,Spearman Train,Pearson Test,Spearman Test
clover,0.7078606200133291,0.9655421893399522,0.5156242024993942,0.4888297931473953
