Data,Pearson Train,Spearman Train,Pearson Test,Spearman Test
clover,0.7090874482851361,0.9764504180083948,0.46592503870382124,0.5128827864245856
