Data,Pearson Train,Spearman Train,Pearson Test,Spearman Test
clover,0.643809546461263,0.9102133119655677,0.4952235624663235,0.4786140274633751
